packets,bytes,port,protocol,bytes_per_packet,label
9,9777.15,3306,TCP,1086.35,Normal
118,19445.22,22,TCP,164.79,Suspicious
39,35144.46,8080,TCP,901.14,Normal
1,653.2,53,TCP,653.2,Normal
54,31443.12,443,TCP,582.28,Normal
49,33134.29,3306,TCP,676.21,Normal
14,14501.48,8080,TCP,1035.82,Normal
1127,31274.25,23,TCP,27.75,Malicious
39,24956.1,443,UDP,639.9,Normal
875,22890.0,445,ICMP,26.16,Malicious
1449,46208.61,8080,TCP,31.89,Malicious
1152,64396.8,8080,UDP,55.9,Malicious
1,737.18,443,TCP,737.18,Normal
873,11864.07,23,UDP,13.59,Malicious
2262,66864.72,23,UDP,29.56,Malicious
67,24546.12,3306,TCP,366.36,Normal
362,45908.84,445,TCP,126.82,Suspicious
32,18314.88,3306,TCP,572.34,Normal
48,1636.8,445,TCP,34.1,Suspicious
120,11802.0,80,ICMP,98.35,Suspicious
204,19200.48,443,UDP,94.12,Suspicious
1664,1664,23,ICMP,1,Malicious
51,38189.31,3306,TCP,748.81,Normal
40,6064.0,445,UDP,151.6,Suspicious
179,21438.83,443,ICMP,119.77,Suspicious
2601,92309.49,3389,TCP,35.49,Malicious
11,8788.12,3306,TCP,798.92,Normal
246,22299.9,80,TCP,90.65,Suspicious
1880,96932.8,22,TCP,51.56,Malicious
1605,39948.45,22,TCP,24.89,Malicious
736,17318.08,22,TCP,23.53,Malicious
43,38573.15,80,TCP,897.05,Normal
859,40622.11,8080,ICMP,47.29,Malicious
34,15892.28,8080,TCP,467.42,Normal
60,38965.2,8080,TCP,649.42,Normal
53,17471.45,53,TCP,329.65,Normal
31,22241.26,8080,TCP,717.46,Normal
1999,61009.48,3389,UDP,30.52,Malicious
49,11011.77,53,TCP,224.73,Normal
190,1900,3389,UDP,10,Suspicious
34,26726.04,53,TCP,786.06,Normal
58,28740.16,80,UDP,495.52,Normal
57,52599.6,8080,TCP,922.8,Normal
312,79675.44,3389,TCP,255.37,Suspicious
57,38071.44,3306,TCP,667.92,Normal
1149,28093.05,22,UDP,24.45,Malicious
1545,53997.75,445,ICMP,34.95,Malicious
78,5236.92,443,TCP,67.14,Suspicious
43,33662.98,3306,TCP,782.86,Normal
8,3026.8,8080,TCP,378.35,Normal
35,35011.2,8080,TCP,1000.32,Normal
1902,93140.94,22,UDP,48.97,Malicious
62,28096.54,3306,TCP,453.17,Normal
1207,31297.51,8080,TCP,25.93,Malicious
1957,32133.94,23,UDP,16.42,Malicious
19,10101.73,80,TCP,531.67,Normal
216,27222.48,80,ICMP,126.03,Suspicious
1834,80604.3,8080,UDP,43.95,Malicious
316,62476.36,443,TCP,197.71,Suspicious
195,20921.55,80,TCP,107.29,Suspicious
1153,26173.1,8080,TCP,22.7,Malicious
26,13169.78,80,TCP,506.53,Normal
194,21322.54,443,TCP,109.91,Suspicious
2008,41043.52,8080,TCP,20.44,Malicious
2547,98008.56,8080,ICMP,38.48,Malicious
144,37981.44,80,ICMP,263.76,Suspicious
65,1855.75,23,UDP,28.55,Suspicious
190,28171.3,23,TCP,148.27,Suspicious
40,37592.4,80,TCP,939.81,Normal
2169,192845.79,23,TCP,88.91,Malicious
58,38898.28,53,UDP,670.66,Normal
1197,77613.48,8080,TCP,64.84,Malicious
31,8002.65,80,TCP,258.15,Normal
12,5726.76,3306,UDP,477.23,Normal
1253,10412.43,445,TCP,8.31,Malicious
2181,145145.55,3389,TCP,66.55,Malicious
592,30795.84,3389,TCP,52.02,Malicious
1722,32390.82,3389,ICMP,18.81,Malicious
2526,2526,445,TCP,1,Malicious
1921,69809.14,3389,UDP,36.34,Malicious
1975,145695.75,3389,ICMP,73.77,Malicious
2174,2174,8080,TCP,1,Malicious
38,17974.0,3306,UDP,473.0,Normal
2767,141310.69,22,ICMP,51.07,Malicious
2307,56982.9,8080,ICMP,24.7,Malicious
20,13919.4,80,TCP,695.97,Normal
11,7964.99,53,TCP,724.09,Normal
211,32696.56,80,ICMP,154.96,Suspicious
222,45754.2,445,TCP,206.1,Suspicious
184,21296.16,445,UDP,115.74,Suspicious
257,2570,22,TCP,10,Suspicious
1958,38690.08,3389,UDP,19.76,Malicious
196,18623.92,3389,TCP,95.02,Suspicious
3597,163123.95,22,TCP,45.35,Malicious
34,23819.38,443,TCP,700.57,Normal
335,8485.55,3389,TCP,25.33,Suspicious
101,9595.0,23,TCP,95.0,Suspicious
146,13617.42,3389,UDP,93.27,Suspicious
320,30182.4,23,TCP,94.32,Suspicious
26,11701.3,80,TCP,450.05,Normal
196,22375.36,80,UDP,114.16,Suspicious
320,67350.4,443,UDP,210.47,Suspicious
303,62193.78,445,TCP,205.26,Suspicious
288,33425.28,23,ICMP,116.06,Suspicious
131,22061.71,80,TCP,168.41,Suspicious
1118,49359.7,3389,TCP,44.15,Malicious
37,44402.22,53,TCP,1200.06,Normal
283,41714.2,3389,TCP,147.4,Suspicious
55,41649.3,53,UDP,757.26,Normal
64,43519.36,53,TCP,679.99,Normal
39,39016.38,53,TCP,1000.42,Normal
697,697,3389,TCP,1,Malicious
2565,214254.45,23,ICMP,83.53,Malicious
60,38594.4,80,TCP,643.24,Normal
42,41565.3,443,TCP,989.65,Normal
186,30608.16,3389,TCP,164.56,Suspicious
2150,130032.0,22,ICMP,60.48,Malicious
190,3148.3,23,TCP,16.57,Suspicious
112,6662.88,80,TCP,59.49,Suspicious
1872,114379.2,8080,TCP,61.1,Malicious
39,43148.04,8080,UDP,1106.36,Normal
46,19562.42,443,TCP,425.27,Normal
2308,145750.2,3389,TCP,63.15,Malicious
212,36309.24,445,TCP,171.27,Suspicious
274,40565.7,22,TCP,148.05,Suspicious
527,13132.84,23,ICMP,24.92,Malicious
98,980,23,TCP,10,Suspicious
58,36298.72,3306,UDP,625.84,Normal
282,38326.62,445,TCP,135.91,Suspicious
70,21718.2,53,TCP,310.26,Normal
34,20291.54,3306,TCP,596.81,Normal
300,11490.0,8080,TCP,38.3,Malicious
248,24006.4,443,TCP,96.8,Suspicious
26,12438.66,8080,TCP,478.41,Normal
2378,170764.18,23,TCP,71.81,Malicious
2337,73966.05,8080,UDP,31.65,Malicious
61,13416.34,80,UDP,219.94,Normal
68,19958.68,8080,UDP,293.51,Normal
18,6769.62,53,TCP,376.09,Normal
331,10270.93,23,TCP,31.03,Suspicious
115,1150,445,TCP,10,Suspicious
136,21619.92,22,TCP,158.97,Suspicious
51,16168.53,80,TCP,317.03,Normal
36,27298.8,53,UDP,758.3,Normal
3203,9929.3,8080,TCP,3.1,Malicious
203,22880.13,445,TCP,112.71,Suspicious
192,11107.2,443,TCP,57.85,Suspicious
242,54222.52,445,TCP,224.06,Suspicious
263,10362.2,80,ICMP,39.4,Suspicious
37,21320.51,80,TCP,576.23,Normal
224,20511.68,22,ICMP,91.57,Suspicious
1829,104819.99,22,UDP,57.31,Malicious
43,9958.37,80,UDP,231.59,Normal
26,16206.06,3306,TCP,623.31,Normal
2650,171057.5,22,TCP,64.55,Malicious
232,30547.44,80,TCP,131.67,Suspicious
1686,79882.68,22,ICMP,47.38,Malicious
25,5862.75,3306,TCP,234.51,Normal
207,75904.83,3389,UDP,366.69,Suspicious
291,47881.14,22,ICMP,164.54,Suspicious
46,36094.82,80,TCP,784.67,Normal
149,1490,22,ICMP,10,Suspicious
98,3918.04,80,TCP,39.98,Suspicious
14,9647.12,53,UDP,689.08,Normal
2995,111713.5,8080,ICMP,37.3,Malicious
241,13173.06,22,TCP,54.66,Suspicious
162,21555.72,3389,TCP,133.06,Suspicious
66,40945.74,8080,TCP,620.39,Normal
51,29211.78,3306,TCP,572.78,Normal
176,15475.68,23,TCP,87.93,Suspicious
23,24391.27,3306,TCP,1060.49,Normal
1729,41444.13,445,TCP,23.97,Malicious
1236,39663.24,445,ICMP,32.09,Malicious
36,29211.84,3306,UDP,811.44,Normal
2351,140472.25,3389,TCP,59.75,Malicious
310,3100,443,ICMP,10,Suspicious
37,27836.21,443,TCP,752.33,Normal
226,24473.54,80,TCP,108.29,Suspicious
1414,66118.64,445,ICMP,46.76,Malicious
602,25001.06,23,TCP,41.53,Malicious
613,23030.41,22,ICMP,37.57,Malicious
33,19210.95,80,UDP,582.15,Normal
227,30951.45,445,UDP,136.35,Suspicious
52,65983.84,80,TCP,1268.92,Normal
1293,63900.06,445,TCP,49.42,Malicious
147,23281.86,22,TCP,158.38,Suspicious
4256,312901.12,22,TCP,73.52,Malicious
79,40263.14,443,TCP,509.66,Normal
429,13204.62,8080,ICMP,30.78,Malicious
120,27712.8,80,UDP,230.94,Suspicious
1638,72022.86,22,ICMP,43.97,Malicious
1086,50281.8,3389,ICMP,46.3,Malicious
130,25724.4,22,TCP,197.88,Suspicious
405,4050,3389,UDP,10,Suspicious
181,43005.6,23,TCP,237.6,Suspicious
1545,88111.35,3389,TCP,57.03,Malicious
46,21760.3,80,TCP,473.05,Normal
25,20298.5,443,TCP,811.94,Normal
76,13743.08,443,TCP,180.83,Suspicious
281,54620.78,443,TCP,194.38,Suspicious
2820,100307.4,22,TCP,35.57,Malicious
284,50586.08,443,UDP,178.12,Suspicious
37,47726.67,80,UDP,1289.91,Normal
994,21967.4,22,TCP,22.1,Malicious
36,14873.04,8080,UDP,413.14,Normal
915,11830.95,22,ICMP,12.93,Malicious
63,37813.23,53,TCP,600.21,Normal
192,30144.0,445,UDP,157.0,Suspicious
185,13850.95,22,ICMP,74.87,Suspicious
274,31293.54,22,UDP,114.21,Suspicious
1352,59285.2,3389,TCP,43.85,Malicious
1288,8513.68,8080,ICMP,6.61,Malicious
1871,119276.25,445,ICMP,63.75,Malicious
253,14985.19,445,ICMP,59.23,Suspicious
2513,151156.95,8080,ICMP,60.15,Malicious
52,52338.0,3306,TCP,1006.5,Normal
56,8594.88,3389,UDP,153.48,Suspicious
314,3140,443,UDP,10,Suspicious
31,16821.53,8080,UDP,542.63,Normal
146,11666.86,3389,ICMP,79.91,Suspicious
2069,38752.37,22,UDP,18.73,Malicious
3222,72495.0,8080,ICMP,22.5,Malicious
1348,95937.16,22,TCP,71.17,Malicious
1275,59007.0,22,TCP,46.28,Malicious
304,38343.52,3389,TCP,126.13,Suspicious
34,23624.9,53,UDP,694.85,Normal
58,9659.9,22,TCP,166.55,Suspicious
2648,137272.32,3389,ICMP,51.84,Malicious
308,42445.48,443,TCP,137.81,Suspicious
249,54807.39,22,ICMP,220.11,Suspicious
38,19115.52,53,TCP,503.04,Normal
1643,92829.5,3389,TCP,56.5,Malicious
1476,59158.08,8080,TCP,40.08,Malicious
5,3672.6,53,TCP,734.52,Normal
44,17302.12,80,UDP,393.23,Normal
1785,62100.15,8080,ICMP,34.79,Malicious
1419,47749.35,3389,ICMP,33.65,Malicious
1226,60662.48,22,ICMP,49.48,Malicious
2226,57675.66,3389,TCP,25.91,Malicious
112,16901.92,80,ICMP,150.91,Suspicious
32,38252.8,8080,TCP,1195.4,Normal
2694,83217.66,445,TCP,30.89,Malicious
277,46771.45,22,TCP,168.85,Suspicious
43,36826.49,80,TCP,856.43,Normal
15,9074.25,53,UDP,604.95,Normal
30,15965.1,8080,UDP,532.17,Normal
43,32254.3,8080,TCP,750.1,Normal
1315,21434.5,3389,TCP,16.3,Malicious
243,65043.81,22,UDP,267.67,Suspicious
2590,7977.2,22,ICMP,3.08,Malicious
196,4592.28,22,TCP,23.43,Suspicious
279,2790,80,ICMP,10,Suspicious
17,6477.85,8080,TCP,381.05,Normal
12,16353.6,8080,TCP,1362.8,Normal
2831,17835.3,23,ICMP,6.3,Malicious
27,23422.77,8080,UDP,867.51,Normal
65,55333.85,443,TCP,851.29,Normal
1149,83348.46,22,ICMP,72.54,Malicious
2068,128050.56,445,TCP,61.92,Malicious
295,16635.05,3389,TCP,56.39,Suspicious
223,33331.81,22,TCP,149.47,Suspicious
133,23642.08,443,UDP,177.76,Suspicious
159,12980.76,3389,UDP,81.64,Suspicious
1595,117854.55,445,TCP,73.89,Malicious
24,26214.0,443,TCP,1092.25,Normal
186,7081.02,23,ICMP,38.07,Suspicious
325,63404.25,23,ICMP,195.09,Suspicious
1590,61278.6,23,TCP,38.54,Malicious
1872,60109.92,445,UDP,32.11,Malicious
2440,101308.8,445,ICMP,41.52,Malicious
785,34226.0,23,TCP,43.6,Malicious
13,9490.26,8080,TCP,730.02,Normal
2873,111558.59,23,TCP,38.83,Malicious
2162,3134.9,8080,ICMP,1.45,Malicious
1037,35268.37,3389,TCP,34.01,Malicious
144,35938.08,3389,TCP,249.57,Suspicious
217,19840.31,80,ICMP,91.43,Suspicious
27,27828.9,53,TCP,1030.7,Normal
1417,71416.8,22,TCP,50.4,Malicious
27,21548.7,443,UDP,798.1,Normal
1757,40446.14,22,TCP,23.02,Malicious
259,27505.8,80,UDP,106.2,Suspicious
1692,63094.68,22,ICMP,37.29,Malicious
144,8917.92,22,UDP,61.93,Suspicious
1658,85818.08,23,TCP,51.76,Malicious
1642,25943.6,445,TCP,15.8,Malicious
415,4150,445,TCP,10,Suspicious
1324,14789.08,3389,TCP,11.17,Malicious
36,32643.0,3306,TCP,906.75,Normal
388,33387.4,22,TCP,86.05,Suspicious
27,30837.78,443,TCP,1142.14,Normal
8,3373.44,80,TCP,421.68,Normal
37,15174.81,443,TCP,410.13,Normal
181,10311.57,445,UDP,56.97,Suspicious
42,7097.58,80,TCP,168.99,Normal
291,53928.12,3389,ICMP,185.32,Suspicious
35,23364.95,80,UDP,667.57,Normal
2180,116673.6,445,TCP,53.52,Malicious
44,61847.72,80,TCP,1405.63,Normal
2456,148440.64,22,ICMP,60.44,Malicious
2286,8915.4,445,ICMP,3.9,Malicious
2078,68137.62,22,TCP,32.79,Malicious
189,16369.29,23,TCP,86.61,Suspicious
1549,2540.36,22,TCP,1.64,Malicious
30,20260.8,8080,TCP,675.36,Normal
43,29807.6,443,TCP,693.2,Normal
36,31947.48,8080,TCP,887.43,Normal
300,13116.0,23,TCP,43.72,Malicious
226,45279.1,80,TCP,200.35,Suspicious
33,14208.81,443,TCP,430.57,Normal
1937,125323.9,23,ICMP,64.7,Malicious
237,20550.27,80,TCP,86.71,Suspicious
1015,23588.6,22,TCP,23.24,Malicious
29,31090.03,443,TCP,1072.07,Normal
316,18903.12,22,TCP,59.82,Suspicious
32,17064.64,443,TCP,533.27,Normal
62,52654.12,80,TCP,849.26,Normal
300,12801.0,3389,ICMP,42.67,Malicious
1647,1647,23,UDP,1,Malicious
895,50603.3,3389,ICMP,56.54,Malicious
268,24605.08,3389,ICMP,91.81,Suspicious
2715,22697.4,445,ICMP,8.36,Malicious
25,19663.25,443,TCP,786.53,Normal
62,5144.76,80,UDP,82.98,Suspicious
35,25421.9,53,UDP,726.34,Normal
146,24776.2,80,TCP,169.7,Suspicious
238,30107.0,445,TCP,126.5,Suspicious
212,13468.36,23,ICMP,63.53,Suspicious
28,14540.68,80,TCP,519.31,Normal
3320,111286.4,3389,UDP,33.52,Malicious
2334,85074.3,22,ICMP,36.45,Malicious
6,4239.9,3306,TCP,706.65,Normal
144,9398.88,23,ICMP,65.27,Suspicious
112,22199.52,3389,TCP,198.21,Suspicious
148,30337.04,23,ICMP,204.98,Suspicious
1525,80931.75,3389,ICMP,53.07,Malicious
206,29944.16,80,ICMP,145.36,Suspicious
43,22281.31,3306,TCP,518.17,Normal
77,6886.88,3389,ICMP,89.44,Suspicious
985,985,8080,TCP,1,Malicious
149,21213.13,23,ICMP,142.37,Suspicious
54,31959.36,80,UDP,591.84,Normal
266,9756.88,3389,TCP,36.68,Suspicious
48,43976.64,443,TCP,916.18,Normal
545,21135.1,8080,ICMP,38.78,Malicious
21,15009.33,80,TCP,714.73,Normal
891,19985.13,23,ICMP,22.43,Malicious
83,24431.05,443,TCP,294.35,Suspicious
52,44663.32,443,TCP,858.91,Normal
2496,89756.16,8080,TCP,35.96,Malicious
225,16350.75,445,ICMP,72.67,Suspicious
239,36949.4,22,TCP,154.6,Suspicious
32,3514.56,8080,TCP,109.83,Normal
204,37774.68,443,TCP,185.17,Suspicious
163,37514.45,22,TCP,230.15,Suspicious
18,16311.06,53,TCP,906.17,Normal
263,46274.85,23,TCP,175.95,Suspicious
72,9473.76,23,TCP,131.58,Suspicious
2302,81237.58,445,UDP,35.29,Malicious
37,28113.34,53,TCP,759.82,Normal
130,37265.8,80,TCP,286.66,Suspicious
155,2602.45,445,TCP,16.79,Suspicious
281,34841.19,3389,TCP,123.99,Suspicious
14,13242.04,443,TCP,945.86,Normal
39,38361.18,8080,TCP,983.62,Normal
1309,72413.88,3389,TCP,55.32,Malicious
54,46114.92,3306,TCP,853.98,Normal
26,22302.8,443,TCP,857.8,Normal
24,14140.8,3306,UDP,589.2,Normal
23,7107.0,80,TCP,309.0,Normal
155,1550,23,TCP,10,Suspicious
1256,73928.16,23,TCP,58.86,Malicious
255,40698.0,445,TCP,159.6,Suspicious
1814,66120.3,3389,UDP,36.45,Malicious
181,9212.9,445,TCP,50.9,Suspicious
1855,44649.85,8080,TCP,24.07,Malicious
1887,115446.66,3389,TCP,61.18,Malicious
2098,82787.08,23,ICMP,39.46,Malicious
43,21430.77,8080,UDP,498.39,Normal
1969,45621.73,3389,TCP,23.17,Malicious
29,23743.17,8080,TCP,818.73,Normal
206,2060,3389,UDP,10,Suspicious
52,34717.28,8080,TCP,667.64,Normal
2117,66960.71,23,TCP,31.63,Malicious
238,34471.92,445,UDP,144.84,Suspicious
136,16340.4,3389,ICMP,120.15,Suspicious
2384,100104.16,23,TCP,41.99,Malicious
260,31002.4,445,TCP,119.24,Suspicious
16,9709.6,8080,UDP,606.85,Normal
49,35529.41,3306,UDP,725.09,Normal
2525,104989.5,22,TCP,41.58,Malicious
196,52918.04,80,TCP,269.99,Suspicious
34,24339.92,53,TCP,715.88,Normal
29,16424.44,80,TCP,566.36,Normal
1709,108965.84,23,ICMP,63.76,Malicious
116,14906.0,23,TCP,128.5,Suspicious
31,22341.7,8080,TCP,720.7,Normal
215,36932.7,3389,ICMP,171.78,Suspicious
249,2490,22,TCP,10,Suspicious
297,50867.19,445,UDP,171.27,Suspicious
1695,92208.0,445,ICMP,54.4,Malicious
2288,29377.92,3389,TCP,12.84,Malicious
156,39092.04,3389,TCP,250.59,Suspicious
2326,33168.76,445,TCP,14.26,Malicious
208,24298.56,445,ICMP,116.82,Suspicious
1160,30322.4,23,TCP,26.14,Malicious
3584,271703.04,445,ICMP,75.81,Malicious
1340,116432.6,22,TCP,86.89,Malicious
1516,35610.84,445,ICMP,23.49,Malicious
2605,2605,445,ICMP,1,Malicious
128,1280,80,TCP,10,Suspicious
1,271.05,80,TCP,271.05,Normal
1767,76493.43,23,ICMP,43.29,Malicious
1,777.57,3306,UDP,777.57,Normal
2430,31954.5,445,ICMP,13.15,Malicious
2162,110629.54,22,UDP,51.17,Malicious
25,22845.0,53,UDP,913.8,Normal
1915,105822.9,22,TCP,55.26,Malicious
173,22405.23,23,ICMP,129.51,Suspicious
1417,16734.77,3389,UDP,11.81,Malicious
226,15627.9,445,UDP,69.15,Suspicious
32,24023.68,443,UDP,750.74,Normal
50,20024.5,443,UDP,400.49,Normal
49,20361.95,3306,TCP,415.55,Normal
17,10784.63,3306,TCP,634.39,Normal
1279,5448.54,23,TCP,4.26,Malicious
116,6347.52,3389,TCP,54.72,Suspicious
34,10894.28,8080,TCP,320.42,Normal
2448,49033.44,22,TCP,20.03,Malicious
306,84740.58,3389,TCP,276.93,Suspicious
53,20020.75,53,UDP,377.75,Normal
38,33695.74,80,TCP,886.73,Normal
255,24145.95,80,TCP,94.69,Suspicious
56,34539.68,8080,TCP,616.78,Normal
248,35292.88,80,UDP,142.31,Suspicious
2411,69147.48,8080,ICMP,28.68,Malicious
2633,212298.79,23,TCP,80.63,Malicious
824,23681.76,23,TCP,28.74,Malicious
221,14932.97,443,TCP,67.57,Suspicious
40,3513.2,3389,TCP,87.83,Suspicious
884,38445.16,3389,TCP,43.49,Malicious
37,28044.52,8080,TCP,757.96,Normal
287,40794.18,80,TCP,142.14,Suspicious
40,37866.0,80,TCP,946.65,Normal
2023,152493.74,3389,UDP,75.38,Malicious
54,58866.48,3306,TCP,1090.12,Normal
230,15757.3,80,TCP,68.51,Suspicious
2163,8111.25,8080,TCP,3.75,Malicious
26,10043.28,53,TCP,386.28,Normal
1482,24690.12,8080,ICMP,16.66,Malicious
329,103750.15,3389,UDP,315.35,Suspicious
57,21422.88,80,TCP,375.84,Normal
188,28089.08,80,TCP,149.41,Suspicious
1974,51383.22,445,TCP,26.03,Malicious
76,45195.68,53,TCP,594.68,Normal
48,35205.6,53,TCP,733.45,Normal
2253,91156.38,8080,TCP,40.46,Malicious
219,23196.48,22,TCP,105.92,Suspicious
304,41693.6,3389,TCP,137.15,Suspicious
2609,40048.15,3389,ICMP,15.35,Malicious
396,8557.56,23,ICMP,21.61,Malicious
1909,110951.08,23,TCP,58.12,Malicious
66,41439.42,3306,TCP,627.87,Normal
1970,138707.7,3389,TCP,70.41,Malicious
184,7590.0,23,TCP,41.25,Suspicious
926,45253.62,22,ICMP,48.87,Malicious
70,30363.9,8080,UDP,433.77,Normal
1384,44758.56,3389,UDP,32.34,Malicious
35,45962.0,443,TCP,1313.2,Normal
112,12976.32,23,TCP,115.86,Suspicious
21,18867.66,443,UDP,898.46,Normal
18,20048.76,443,TCP,1113.82,Normal
3059,114223.06,3389,ICMP,37.34,Malicious
20,15602.0,443,TCP,780.1,Normal
1305,1305,8080,TCP,1,Malicious
1464,38473.92,3389,TCP,26.28,Malicious
40,27410.0,3306,TCP,685.25,Normal
367,80611.55,3389,TCP,219.65,Suspicious
29,25651.95,443,TCP,884.55,Normal
2379,87047.61,8080,ICMP,36.59,Malicious
2119,86222.11,23,TCP,40.69,Malicious
35,28616.7,80,TCP,817.62,Normal
797,29122.38,22,TCP,36.54,Malicious
1,537.15,53,TCP,537.15,Normal
40,19703.2,8080,TCP,492.58,Normal
41,39658.89,8080,TCP,967.29,Normal
26,23358.92,8080,TCP,898.42,Normal
217,13907.53,80,ICMP,64.09,Suspicious
226,57315.86,443,ICMP,253.61,Suspicious
51,39326.61,443,TCP,771.11,Normal
277,4805.95,3389,UDP,17.35,Suspicious
58,48763.5,443,UDP,840.75,Normal
13,9649.38,443,TCP,742.26,Normal
75,28411.5,443,TCP,378.82,Normal
36,22341.24,3306,TCP,620.59,Normal
161,43558.55,23,UDP,270.55,Suspicious
965,29490.4,445,TCP,30.56,Malicious
116,6325.48,80,TCP,54.53,Suspicious
60,65919.0,3306,TCP,1098.65,Normal
12,3611.4,8080,TCP,300.95,Normal
20,14430.2,443,TCP,721.51,Normal
33,17496.27,8080,TCP,530.19,Normal
19,16776.62,53,UDP,882.98,Normal
225,27265.5,22,UDP,121.18,Suspicious
2635,65927.7,8080,TCP,25.02,Malicious
324,35163.72,3389,TCP,108.53,Suspicious
1901,126872.74,3389,TCP,66.74,Malicious
9,6042.42,53,TCP,671.38,Normal
373,79725.02,22,TCP,213.74,Suspicious
44,31484.64,80,TCP,715.56,Normal
3727,238229.84,3389,TCP,63.92,Malicious
3040,32832.0,8080,TCP,10.8,Malicious
2027,104410.77,3389,TCP,51.51,Malicious
54,17160.66,80,TCP,317.79,Normal
53,29926.98,80,TCP,564.66,Normal
1,942.91,8080,UDP,942.91,Normal
1032,23766.96,8080,ICMP,23.03,Malicious
176,31081.6,445,ICMP,176.6,Suspicious
260,40783.6,443,ICMP,156.86,Suspicious
2040,73480.8,22,ICMP,36.02,Malicious
1418,52182.4,445,TCP,36.8,Malicious
728,42638.96,22,ICMP,58.57,Malicious
18,9046.26,53,TCP,502.57,Normal
61,44662.37,53,TCP,732.17,Normal
1327,40964.49,3389,ICMP,30.87,Malicious
244,2440,80,ICMP,10,Suspicious
214,40219.16,445,TCP,187.94,Suspicious
18,20028.78,80,TCP,1112.71,Normal
2012,107762.72,445,ICMP,53.56,Malicious
1827,71728.02,3389,ICMP,39.26,Malicious
300,18054.0,22,ICMP,60.18,Malicious
1556,27961.32,22,ICMP,17.97,Malicious
81,13711.68,22,ICMP,169.28,Suspicious
176,27443.68,23,UDP,155.93,Suspicious
221,45747.0,22,ICMP,207.0,Suspicious
851,40907.57,22,TCP,48.07,Malicious
65,54259.4,443,TCP,834.76,Normal
293,75101.76,23,ICMP,256.32,Suspicious
22,11346.72,3306,UDP,515.76,Normal
1745,52716.45,22,ICMP,30.21,Malicious
28,12808.04,443,TCP,457.43,Normal
240,12072.0,23,ICMP,50.3,Suspicious
180,16943.4,445,TCP,94.13,Suspicious
18,13453.56,80,TCP,747.42,Normal
46,46935.18,8080,TCP,1020.33,Normal
237,54282.48,22,TCP,229.04,Suspicious
1947,5879.94,8080,TCP,3.02,Malicious
44,42809.8,443,TCP,972.95,Normal
3190,132193.6,22,ICMP,41.44,Malicious
57,47269.53,8080,TCP,829.29,Normal
14,9690.24,3306,TCP,692.16,Normal
1384,14296.72,8080,ICMP,10.33,Malicious
30,16940.4,8080,TCP,564.68,Normal
22,12338.7,8080,TCP,560.85,Normal
24,16438.56,3306,TCP,684.94,Normal
152,8160.88,23,TCP,53.69,Suspicious
35,24646.3,3306,TCP,704.18,Normal
254,2540,443,ICMP,10,Suspicious
22,14768.38,8080,TCP,671.29,Normal
1251,48338.64,445,UDP,38.64,Malicious
363,27852.99,22,ICMP,76.73,Suspicious
1433,43806.81,8080,TCP,30.57,Malicious
188,22443.44,80,TCP,119.38,Suspicious
196,43909.88,23,TCP,224.03,Suspicious
1674,1674,3389,TCP,1,Malicious
14,4693.36,3306,TCP,335.24,Normal
49,43050.91,3306,TCP,878.59,Normal
17,17771.29,80,UDP,1045.37,Normal
1653,86980.86,23,TCP,52.62,Malicious
23,15073.28,53,TCP,655.36,Normal
126,1260,3389,TCP,10,Suspicious
195,26588.25,22,ICMP,136.35,Suspicious
399,3990,80,TCP,10,Suspicious
1265,89309.0,23,TCP,70.6,Malicious
137,20219.83,23,TCP,147.59,Suspicious
19,17104.56,8080,TCP,900.24,Normal
1249,46700.11,22,ICMP,37.39,Malicious
46,28390.28,53,TCP,617.18,Normal
1634,93023.62,445,TCP,56.93,Malicious
8,5362.16,443,UDP,670.27,Normal
349,39765.06,80,ICMP,113.94,Suspicious
1195,31667.5,3389,UDP,26.5,Malicious
1,793.94,443,TCP,793.94,Normal
135,12139.2,80,ICMP,89.92,Suspicious
2473,70777.26,23,ICMP,28.62,Malicious
161,1610,445,UDP,10,Suspicious
19,12131.69,8080,TCP,638.51,Normal
1308,72123.12,8080,ICMP,55.14,Malicious
35,10579.1,443,TCP,302.26,Normal
98,30886.66,80,TCP,315.17,Suspicious
22,3497.12,80,UDP,158.96,Normal
42,4339.86,53,TCP,103.33,Normal
11,12280.18,80,TCP,1116.38,Normal
11,3475.56,80,TCP,315.96,Normal
2782,30685.46,3389,ICMP,11.03,Malicious
2937,216075.09,23,ICMP,73.57,Malicious
209,32754.48,80,TCP,156.72,Suspicious
235,18619.05,22,UDP,79.23,Suspicious
257,40575.16,22,ICMP,157.88,Suspicious
2401,63146.3,22,TCP,26.3,Malicious
198,32749.2,443,ICMP,165.4,Suspicious
97,1317.26,22,UDP,13.58,Suspicious
250,41475.0,23,UDP,165.9,Suspicious
173,31335.49,445,ICMP,181.13,Suspicious
289,23663.32,22,ICMP,81.88,Suspicious
264,35684.88,80,TCP,135.17,Suspicious
1450,62828.5,445,ICMP,43.33,Malicious
2910,137090.1,8080,ICMP,47.11,Malicious
255,50813.85,443,UDP,199.27,Suspicious
2005,82886.7,23,TCP,41.34,Malicious
1530,95533.2,445,ICMP,62.44,Malicious
25,14734.75,53,TCP,589.39,Normal
2577,111764.49,3389,TCP,43.37,Malicious
17,15741.66,8080,TCP,925.98,Normal
35,24091.55,53,TCP,688.33,Normal
55,13511.85,80,TCP,245.67,Normal
243,12227.76,23,ICMP,50.32,Suspicious
1940,41360.8,23,TCP,21.32,Malicious
145,19727.25,443,ICMP,136.05,Suspicious
735,18426.45,22,ICMP,25.07,Malicious
47,35311.1,53,TCP,751.3,Normal
57,12679.08,445,TCP,222.44,Suspicious
2383,72133.41,22,TCP,30.27,Malicious
133,10294.2,22,TCP,77.4,Suspicious
233,9993.37,80,TCP,42.89,Suspicious
280,63557.2,443,ICMP,226.99,Suspicious
48,39694.56,8080,UDP,826.97,Normal
16,8925.76,80,TCP,557.86,Normal
171,23420.16,445,TCP,136.96,Suspicious
34,22533.5,8080,TCP,662.75,Normal
213,42431.73,80,UDP,199.21,Suspicious
45,41161.5,80,TCP,914.7,Normal
155,15555.8,22,ICMP,100.36,Suspicious
28,22181.6,53,TCP,792.2,Normal
1848,66879.12,22,ICMP,36.19,Malicious
1465,51289.65,22,ICMP,35.01,Malicious
53,24530.52,443,TCP,462.84,Normal
1993,127910.74,445,TCP,64.18,Malicious
40,4562.4,3389,UDP,114.06,Suspicious
321,36282.63,23,TCP,113.03,Suspicious
242,37473.7,80,TCP,154.85,Suspicious
207,48864.42,443,UDP,236.06,Suspicious
54,42570.9,80,TCP,788.35,Normal
68,56041.52,53,UDP,824.14,Normal
151,1510,443,TCP,10,Suspicious
2140,46737.6,8080,ICMP,21.84,Malicious
1551,46948.77,23,ICMP,30.27,Malicious
197,33696.85,23,ICMP,171.05,Suspicious
1325,82189.75,22,TCP,62.03,Malicious
181,23987.93,80,TCP,132.53,Suspicious
334,34652.5,22,UDP,103.75,Suspicious
1371,52193.97,22,ICMP,38.07,Malicious
2181,95244.27,23,ICMP,43.67,Malicious
21,13065.36,3306,TCP,622.16,Normal
251,24979.52,23,TCP,99.52,Suspicious
31,24343.37,3306,TCP,785.27,Normal
204,48972.24,23,TCP,240.06,Suspicious
2163,54615.75,22,ICMP,25.25,Malicious
2354,105694.6,23,TCP,44.9,Malicious
45,25718.85,8080,UDP,571.53,Normal
49,30473.59,80,TCP,621.91,Normal
12,6324.96,53,TCP,527.08,Normal
43,39720.39,80,TCP,923.73,Normal
1054,46207.36,3389,UDP,43.84,Malicious
111,6364.74,22,ICMP,57.34,Suspicious
47,39860.7,443,TCP,848.1,Normal
339,49870.29,80,TCP,147.11,Suspicious
741,41051.4,3389,TCP,55.4,Malicious
28,24615.64,8080,TCP,879.13,Normal
54,46828.26,53,TCP,867.19,Normal
19,9788.04,53,TCP,515.16,Normal
9,8201.52,443,UDP,911.28,Normal
1381,77543.15,3389,TCP,56.15,Malicious
285,36534.15,23,TCP,128.19,Suspicious
788,40558.36,445,TCP,51.47,Malicious
1011,10231.32,22,ICMP,10.12,Malicious
282,41225.58,23,UDP,146.19,Suspicious
1469,86377.2,22,TCP,58.8,Malicious
97,13482.03,443,TCP,138.99,Suspicious
411,42785.1,3389,TCP,104.1,Suspicious
1109,22324.17,8080,ICMP,20.13,Malicious
42,40283.46,3306,TCP,959.13,Normal
1296,54146.88,3389,ICMP,41.78,Malicious
237,34985.94,23,TCP,147.62,Suspicious
10,5271.7,8080,TCP,527.17,Normal
204,4175.88,80,UDP,20.47,Suspicious
1792,28224.0,8080,UDP,15.75,Malicious
132,23299.32,443,ICMP,176.51,Suspicious
1825,1825,445,TCP,1,Malicious
187,43486.85,3389,TCP,232.55,Suspicious
1043,36776.18,23,TCP,35.26,Malicious
2785,63804.35,3389,TCP,22.91,Malicious
52,49819.64,8080,TCP,958.07,Normal
55,35532.2,80,TCP,646.04,Normal
31,22961.7,8080,TCP,740.7,Normal
250,39327.5,80,UDP,157.31,Suspicious
127,20054.57,443,UDP,157.91,Suspicious
29,11339.0,8080,TCP,391.0,Normal
3642,210034.14,22,ICMP,57.67,Malicious
149,10948.52,445,ICMP,73.48,Suspicious
174,32953.86,80,TCP,189.39,Suspicious
160,11737.6,445,UDP,73.36,Suspicious
215,14170.65,23,UDP,65.91,Suspicious
57,61929.36,53,TCP,1086.48,Normal
71,70094.04,3306,TCP,987.24,Normal
1,826.43,53,TCP,826.43,Normal
73,84396.76,443,TCP,1156.12,Normal
2665,35711.0,445,UDP,13.4,Malicious
89,101744.8,8080,UDP,1143.2,Normal
2253,75452.97,23,ICMP,33.49,Malicious
292,57632.04,22,TCP,197.37,Suspicious
500,7460.0,8080,UDP,14.92,Malicious
44,35625.48,443,TCP,809.67,Normal
1124,40138.04,3389,UDP,35.71,Malicious
2550,113475.0,8080,ICMP,44.5,Malicious
32,21135.36,53,TCP,660.48,Normal
325,7367.75,3389,ICMP,22.67,Suspicious
263,2630,443,TCP,10,Suspicious
58,32462.6,443,TCP,559.7,Normal
2234,72716.7,445,TCP,32.55,Malicious
16,5787.36,443,TCP,361.71,Normal
1477,60069.59,22,TCP,40.67,Malicious
1238,63261.8,3389,ICMP,51.1,Malicious
2209,32030.5,22,TCP,14.5,Malicious
2108,62755.16,445,TCP,29.77,Malicious
1880,27692.4,8080,ICMP,14.73,Malicious
132,16671.6,23,TCP,126.3,Suspicious
2445,129071.55,23,ICMP,52.79,Malicious
1706,30980.96,22,ICMP,18.16,Malicious
300,5664.0,8080,TCP,18.88,Malicious
37,29568.18,53,TCP,799.14,Normal
3005,236763.95,3389,ICMP,78.79,Malicious
23,15157.0,443,TCP,659.0,Normal
67,65555.48,443,TCP,978.44,Normal
288,44331.84,443,TCP,153.93,Suspicious
100,11226.0,22,TCP,112.26,Suspicious
310,46038.1,3389,TCP,148.51,Suspicious
381,35044.38,22,ICMP,91.98,Suspicious
9,6151.95,443,TCP,683.55,Normal
1395,86224.95,3389,TCP,61.81,Malicious
2005,49884.4,445,TCP,24.88,Malicious
250,2500,3389,TCP,10,Suspicious
918,54189.54,22,ICMP,59.03,Malicious
21,4506.18,443,TCP,214.58,Normal
363,3630,445,TCP,10,Suspicious
416,8286.72,22,UDP,19.92,Suspicious
1,281.38,3306,TCP,281.38,Normal
36,20499.84,8080,UDP,569.44,Normal
26,8916.44,80,TCP,342.94,Normal
43,14969.59,8080,TCP,348.13,Normal
178,38681.18,22,TCP,217.31,Suspicious
32,32390.72,443,TCP,1012.21,Normal
198,41542.38,443,UDP,209.81,Suspicious
33,26704.92,80,TCP,809.24,Normal
263,27609.74,445,TCP,104.98,Suspicious
45,51186.6,443,TCP,1137.48,Normal
143,10341.76,23,TCP,72.32,Suspicious
337,75774.45,443,ICMP,224.85,Suspicious
2626,88942.62,3389,TCP,33.87,Malicious
962,21212.1,23,ICMP,22.05,Malicious
300,5085.0,23,ICMP,16.95,Malicious
8,3494.72,443,TCP,436.84,Normal
240,18264.0,22,TCP,76.1,Suspicious
23,10104.13,443,TCP,439.31,Normal
218,51648.56,3389,TCP,236.92,Suspicious
24,19641.12,8080,UDP,818.38,Normal
44,46704.24,443,TCP,1061.46,Normal
1237,1237,8080,ICMP,1,Malicious
977,50804.0,3389,ICMP,52.0,Malicious
203,45790.71,22,TCP,225.57,Suspicious
56,8534.96,445,TCP,152.41,Suspicious
1593,59227.74,445,TCP,37.18,Malicious
2147,25291.66,22,ICMP,11.78,Malicious
267,33254.85,3389,UDP,124.55,Suspicious
1166,52015.26,23,ICMP,44.61,Malicious
62,58827.46,3306,TCP,948.83,Normal
45,49612.05,3306,TCP,1102.49,Normal
26,24319.1,443,UDP,935.35,Normal
172,12801.96,3389,TCP,74.43,Suspicious
31,26494.77,443,TCP,854.67,Normal
1816,67282.8,22,TCP,37.05,Malicious
1222,28900.3,3389,ICMP,23.65,Malicious
28,11558.4,80,UDP,412.8,Normal
228,47784.24,80,UDP,209.58,Suspicious
26,11330.54,53,TCP,435.79,Normal
44,30853.24,3306,TCP,701.21,Normal
52,849.68,23,TCP,16.34,Suspicious
31,17407.74,443,TCP,561.54,Normal
2385,71025.3,3389,TCP,29.78,Malicious
112,18620.0,443,UDP,166.25,Suspicious
2363,27907.03,23,TCP,11.81,Malicious
37,41528.8,53,UDP,1122.4,Normal
1042,35240.44,3389,ICMP,33.82,Malicious
217,24874.71,23,TCP,114.63,Suspicious
39,20285.07,8080,TCP,520.13,Normal
1303,71534.7,22,ICMP,54.9,Malicious
234,54203.76,443,TCP,231.64,Suspicious
3052,150311.0,22,TCP,49.25,Malicious
382,38574.36,22,ICMP,100.98,Suspicious
272,21531.52,3389,TCP,79.16,Suspicious
328,95753.04,22,UDP,291.93,Suspicious
15,7876.5,3306,TCP,525.1,Normal
244,32156.76,80,TCP,131.79,Suspicious
1185,79300.2,23,ICMP,66.92,Malicious
26,18196.62,3306,UDP,699.87,Normal
126,9907.38,445,TCP,78.63,Suspicious
30,14849.1,443,UDP,494.97,Normal
224,9728.32,443,TCP,43.43,Suspicious
2663,2663,8080,ICMP,1,Malicious
37,18235.82,53,UDP,492.86,Normal
97,12717.67,3389,TCP,131.11,Suspicious
1869,80086.65,445,ICMP,42.85,Malicious
18,11614.86,53,TCP,645.27,Normal
248,18339.6,445,TCP,73.95,Suspicious
3740,311355.0,3389,TCP,83.25,Malicious
39,13971.36,8080,UDP,358.24,Normal
40,2867.2,445,TCP,71.68,Suspicious
1939,114982.7,3389,ICMP,59.3,Malicious
86,2143.98,445,TCP,24.93,Suspicious
9,6389.46,3306,UDP,709.94,Normal
271,2710,445,TCP,10,Suspicious
1923,39248.43,22,TCP,20.41,Malicious
281,65818.63,22,UDP,234.23,Suspicious
1822,39009.02,3389,ICMP,21.41,Malicious
119,9104.69,80,ICMP,76.51,Suspicious
214,42810.7,3389,TCP,200.05,Suspicious
24,29909.76,443,TCP,1246.24,Normal
1452,25671.36,23,UDP,17.68,Malicious
167,4672.66,443,TCP,27.98,Suspicious
1068,54852.48,445,TCP,51.36,Malicious
176,15334.88,22,TCP,87.13,Suspicious
25,17928.5,80,TCP,717.14,Normal
63,25673.13,8080,TCP,407.51,Normal
223,11196.83,22,ICMP,50.21,Suspicious
2024,2024,8080,ICMP,1,Malicious
23,16969.86,8080,TCP,737.82,Normal
50,37487.5,8080,TCP,749.75,Normal
128,10384.64,443,TCP,81.13,Suspicious
1142,21012.8,23,ICMP,18.4,Malicious
47,32121.68,3306,TCP,683.44,Normal
37,19678.45,8080,TCP,531.85,Normal
1523,28251.65,3389,TCP,18.55,Malicious
274,39001.16,22,TCP,142.34,Suspicious
1728,47952.0,445,ICMP,27.75,Malicious
1136,23742.4,445,UDP,20.9,Malicious
297,55239.03,23,TCP,185.99,Suspicious
32,23570.24,53,UDP,736.57,Normal
230,43987.5,3389,TCP,191.25,Suspicious
34,22159.5,3306,TCP,651.75,Normal
44,30539.52,80,TCP,694.08,Normal
66,35918.52,3306,TCP,544.22,Normal
14,11924.22,3306,TCP,851.73,Normal
183,21980.13,445,TCP,120.11,Suspicious
50,72671.0,8080,TCP,1453.42,Normal
228,38340.48,443,TCP,168.16,Suspicious
3246,29214.0,22,TCP,9.0,Malicious
27,23265.09,8080,TCP,861.67,Normal
253,45284.47,445,TCP,178.99,Suspicious
1139,53612.73,8080,TCP,47.07,Malicious
2224,113379.52,8080,TCP,50.98,Malicious
46,16197.52,53,TCP,352.12,Normal
37,30642.66,80,TCP,828.18,Normal
199,35985.17,443,ICMP,180.83,Suspicious
212,2120,22,TCP,10,Suspicious
278,55566.64,445,TCP,199.88,Suspicious
1716,5285.28,445,ICMP,3.08,Malicious
42,8442.0,443,TCP,201.0,Normal
232,26932.88,80,TCP,116.09,Suspicious
1443,38917.71,3389,UDP,26.97,Malicious
1979,3087.24,22,ICMP,1.56,Malicious
31,25002.43,3306,TCP,806.53,Normal
1532,52516.96,3389,UDP,34.28,Malicious
222,50820.24,445,TCP,228.92,Suspicious
1361,3416.11,22,ICMP,2.51,Malicious
282,37432.68,22,UDP,132.74,Suspicious
184,29294.64,23,TCP,159.21,Suspicious
289,5239.57,23,TCP,18.13,Suspicious
1472,102171.52,23,ICMP,69.41,Malicious
219,2190,23,ICMP,10,Suspicious
198,9727.74,23,TCP,49.13,Suspicious
49,34562.15,3306,TCP,705.35,Normal
2278,113489.96,23,TCP,49.82,Malicious
2822,19274.26,22,TCP,6.83,Malicious
194,43294.98,3389,UDP,223.17,Suspicious
191,11460.0,80,TCP,60.0,Suspicious
235,14797.95,23,ICMP,62.97,Suspicious
1397,50292.0,3389,TCP,36.0,Malicious
2022,125242.68,23,ICMP,61.94,Malicious
25,21049.5,443,UDP,841.98,Normal
3260,73317.4,23,TCP,22.49,Malicious
2249,12796.81,23,TCP,5.69,Malicious
7,4617.41,80,TCP,659.63,Normal
2340,160687.8,445,TCP,68.67,Malicious
53,56067.64,3306,TCP,1057.88,Normal
1778,120068.34,3389,ICMP,67.53,Malicious
56,64271.2,3306,TCP,1147.7,Normal
55,550,443,TCP,10,Suspicious
263,35149.95,80,UDP,133.65,Suspicious
345,3450,22,ICMP,10,Suspicious
300,3933.0,8080,TCP,13.11,Malicious
1878,118351.56,22,TCP,63.02,Malicious
51,23630.34,80,TCP,463.34,Normal
28,18837.0,443,TCP,672.75,Normal
35,28855.05,80,TCP,824.43,Normal
1603,41710.06,22,TCP,26.02,Malicious
3039,91747.41,3389,TCP,30.19,Malicious
42,8948.1,443,TCP,213.05,Normal
1750,73535.0,445,ICMP,42.02,Malicious
1,705.21,3306,TCP,705.21,Normal
25,10345.0,443,TCP,413.8,Normal
202,22676.52,443,TCP,112.26,Suspicious
49,46842.53,53,TCP,955.97,Normal
31,31680.76,53,TCP,1021.96,Normal
7,5237.33,3306,TCP,748.19,Normal
81,44131.23,3306,TCP,544.83,Normal
1501,31145.75,3389,UDP,20.75,Malicious
1430,31231.2,3389,ICMP,21.84,Malicious
24,13181.28,3306,TCP,549.22,Normal
44,31374.64,8080,TCP,713.06,Normal
133,27394.01,3389,TCP,205.97,Suspicious
26,35311.38,53,TCP,1358.13,Normal
1966,1966,22,TCP,1,Malicious
232,12316.88,80,TCP,53.09,Suspicious
150,1500,445,TCP,10,Suspicious
138,24420.48,80,TCP,176.96,Suspicious
166,9596.46,3389,ICMP,57.81,Suspicious
357,45371.13,443,TCP,127.09,Suspicious
18,13861.44,80,TCP,770.08,Normal
1506,86203.44,22,TCP,57.24,Malicious
2547,67087.98,3389,TCP,26.34,Malicious
2435,86004.2,23,TCP,35.32,Malicious
170,8970.9,3389,ICMP,52.77,Suspicious
79,11755.2,443,UDP,148.8,Suspicious
264,38929.44,443,TCP,147.46,Suspicious
190,36734.6,23,ICMP,193.34,Suspicious
192,9248.64,22,ICMP,48.17,Suspicious
2251,8148.62,8080,ICMP,3.62,Malicious
300,12072.0,445,TCP,40.24,Malicious
57,50806.38,8080,TCP,891.34,Normal
239,26949.64,443,UDP,112.76,Suspicious
183,44498.28,23,UDP,243.16,Suspicious
19,9096.82,53,TCP,478.78,Normal
89,7777.71,23,ICMP,87.39,Suspicious
1695,71817.15,3389,UDP,42.37,Malicious
195,29316.3,80,UDP,150.34,Suspicious
1620,55517.4,23,ICMP,34.27,Malicious
61,46616.2,53,TCP,764.2,Normal
677,47098.89,8080,TCP,69.57,Malicious
433,4901.56,3389,TCP,11.32,Malicious
599,599,3389,TCP,1,Malicious
232,25271.76,23,UDP,108.93,Suspicious
2107,28402.36,8080,TCP,13.48,Malicious
188,21176.32,443,TCP,112.64,Suspicious
1783,3619.49,23,ICMP,2.03,Malicious
28,17117.24,443,UDP,611.33,Normal
146,8895.78,23,ICMP,60.93,Suspicious
3641,187948.42,23,ICMP,51.62,Malicious
205,9594.0,445,TCP,46.8,Suspicious
66,4221.36,443,TCP,63.96,Suspicious
17,6273.68,80,TCP,369.04,Normal
1197,32091.57,23,TCP,26.81,Malicious
1693,111077.73,22,TCP,65.61,Malicious
689,15598.96,445,UDP,22.64,Malicious
40,2237.2,80,ICMP,55.93,Suspicious
7,4569.46,53,TCP,652.78,Normal
33,22044.99,8080,TCP,668.03,Normal
284,2840,443,TCP,10,Suspicious
27,27248.67,443,UDP,1009.21,Normal
2290,144544.8,445,TCP,63.12,Malicious
160,35796.8,80,TCP,223.73,Suspicious
1,676.96,3306,TCP,676.96,Normal
2259,100638.45,8080,TCP,44.55,Malicious
227,46614.45,80,TCP,205.35,Suspicious
764,32355.4,22,ICMP,42.35,Malicious
168,11761.68,3389,TCP,70.01,Suspicious
1912,31834.8,3389,TCP,16.65,Malicious
228,53871.84,23,TCP,236.28,Suspicious
175,9880.5,443,UDP,56.46,Suspicious
39,26810.94,80,TCP,687.46,Normal
2447,48572.95,3389,ICMP,19.85,Malicious
229,54502.0,3389,UDP,238.0,Suspicious
195,12813.45,445,TCP,65.71,Suspicious
2319,144543.27,23,UDP,62.33,Malicious
70,20704.6,23,TCP,295.78,Suspicious
1820,30030.0,23,ICMP,16.5,Malicious
1204,85508.08,23,TCP,71.02,Malicious
2083,106524.62,445,ICMP,51.14,Malicious
1844,122220.32,445,ICMP,66.28,Malicious
19,5348.5,443,TCP,281.5,Normal
1545,6767.1,3389,ICMP,4.38,Malicious
271,5021.63,80,TCP,18.53,Suspicious
26,13639.08,8080,TCP,524.58,Normal
34,35262.76,3306,TCP,1037.14,Normal
317,40978.59,23,TCP,129.27,Suspicious
255,2550,443,UDP,10,Suspicious
3361,105602.62,8080,TCP,31.42,Malicious
1217,1217,445,TCP,1,Malicious
51,34581.06,80,TCP,678.06,Normal
164,6532.12,3389,ICMP,39.83,Suspicious
22,10593.44,443,UDP,481.52,Normal
236,59125.08,443,TCP,250.53,Suspicious
1688,66017.68,22,TCP,39.11,Malicious
261,47118.33,80,UDP,180.53,Suspicious
321,53895.9,3389,TCP,167.9,Suspicious
1438,80499.24,8080,TCP,55.98,Malicious
3518,75707.36,445,TCP,21.52,Malicious
35,22160.6,443,TCP,633.16,Normal
1791,11122.11,23,ICMP,6.21,Malicious
1129,55117.78,445,UDP,48.82,Malicious
36,20104.2,53,TCP,558.45,Normal
1468,66926.12,3389,TCP,45.59,Malicious
77,12102.86,23,TCP,157.18,Suspicious
107,14935.06,445,UDP,139.58,Suspicious
31,25964.36,80,TCP,837.56,Normal
105,10891.65,22,ICMP,103.73,Suspicious
49,41749.47,443,TCP,852.03,Normal
114,26357.94,22,ICMP,231.21,Suspicious
218,2180,445,TCP,10,Suspicious
49,24365.25,443,TCP,497.25,Normal
230,27968.0,23,TCP,121.6,Suspicious
145,1450,445,TCP,10,Suspicious
43,27015.18,443,TCP,628.26,Normal
2264,157755.52,23,ICMP,69.68,Malicious
234,17961.84,23,ICMP,76.76,Suspicious
1321,46380.31,445,ICMP,35.11,Malicious
23,18408.28,443,UDP,800.36,Normal
5,3195.0,443,TCP,639.0,Normal
2841,141055.65,3389,ICMP,49.65,Malicious
2119,97876.61,22,TCP,46.19,Malicious
109,9923.36,3389,ICMP,91.04,Suspicious
1380,35535.0,445,ICMP,25.75,Malicious
157,29737.37,22,TCP,189.41,Suspicious
211,37446.17,22,TCP,177.47,Suspicious
1784,115460.48,8080,TCP,64.72,Malicious
216,7754.4,23,ICMP,35.9,Suspicious
93,930,22,TCP,10,Suspicious
19,24304.8,3306,TCP,1279.2,Normal
25,16691.0,80,TCP,667.64,Normal
40,47898.0,3306,UDP,1197.45,Normal
1221,40390.68,8080,TCP,33.08,Malicious
1981,71870.68,22,TCP,36.28,Malicious
261,52414.02,23,UDP,200.82,Suspicious
28,10386.04,53,UDP,370.93,Normal
266,19755.82,23,TCP,74.27,Suspicious
2058,152662.44,22,ICMP,74.18,Malicious
49,23221.1,80,TCP,473.9,Normal
49,38076.92,53,TCP,777.08,Normal
24,18144.72,8080,TCP,756.03,Normal
70,700,23,TCP,10,Suspicious
5,4033.4,53,UDP,806.68,Normal
2467,11224.85,3389,ICMP,4.55,Malicious
1578,78221.46,8080,ICMP,49.57,Malicious
1594,42527.92,23,TCP,26.68,Malicious
1693,17268.6,22,UDP,10.2,Malicious
153,30749.94,445,TCP,200.98,Suspicious
1010,59640.5,3389,ICMP,59.05,Malicious
324,9221.04,8080,TCP,28.46,Malicious
253,31799.57,23,TCP,125.69,Suspicious
1528,29169.52,445,TCP,19.09,Malicious
1992,63385.44,445,TCP,31.82,Malicious
23,14233.09,8080,TCP,618.83,Normal
13,11737.31,80,TCP,902.87,Normal
278,14241.94,80,TCP,51.23,Suspicious
17,7334.14,53,TCP,431.42,Normal
61,53532.99,53,TCP,877.59,Normal
2608,102181.44,445,TCP,39.18,Malicious
235,24320.15,3389,ICMP,103.49,Suspicious
172,51882.08,22,ICMP,301.64,Suspicious
241,35287.22,22,TCP,146.42,Suspicious
238,18925.76,23,ICMP,79.52,Suspicious
115,21425.65,80,TCP,186.31,Suspicious
94,6837.56,80,ICMP,72.74,Suspicious
2353,10894.39,8080,TCP,4.63,Malicious
20,19425.0,53,TCP,971.25,Normal
41,23781.64,443,TCP,580.04,Normal
181,25987.98,22,TCP,143.58,Suspicious
2120,81704.8,3389,TCP,38.54,Malicious
207,34972.65,23,ICMP,168.95,Suspicious
325,9314.5,3389,ICMP,28.66,Suspicious
31,15683.21,80,UDP,505.91,Normal
36,24440.04,80,TCP,678.89,Normal
116,4151.64,443,TCP,35.79,Suspicious
158,27771.66,443,TCP,175.77,Suspicious
23,14435.49,80,UDP,627.63,Normal
19,17663.92,3306,TCP,929.68,Normal
186,9858.0,80,ICMP,53.0,Suspicious
29,9294.21,3306,UDP,320.49,Normal
1594,139761.92,22,TCP,87.68,Malicious
153,15644.25,80,UDP,102.25,Suspicious
46,40169.96,443,TCP,873.26,Normal
8,8207.36,443,UDP,1025.92,Normal
2554,85150.36,445,ICMP,33.34,Malicious
285,36534.15,22,TCP,128.19,Suspicious
2340,75184.2,22,UDP,32.13,Malicious
30,31515.3,8080,TCP,1050.51,Normal
123,4932.3,80,UDP,40.1,Suspicious
1645,18177.25,8080,UDP,11.05,Malicious
36,41858.64,53,TCP,1162.74,Normal
2100,112875.0,8080,TCP,53.75,Malicious
60,10053.0,23,TCP,167.55,Suspicious
34,35923.04,80,TCP,1056.56,Normal
1124,57380.2,3389,TCP,51.05,Malicious
1755,47876.4,22,TCP,27.28,Malicious
70,75458.6,3306,TCP,1077.98,Normal
1863,1863,23,TCP,1,Malicious
238,34250.58,3389,UDP,143.91,Suspicious
242,4082.54,445,TCP,16.87,Suspicious
1882,73849.68,23,ICMP,39.24,Malicious
20,13786.0,443,TCP,689.3,Normal
971,10409.12,445,ICMP,10.72,Malicious
76,5550.28,445,TCP,73.03,Suspicious
21,19702.62,443,TCP,938.22,Normal
34,29378.04,443,TCP,864.06,Normal
34,28646.7,443,TCP,842.55,Normal
1564,89883.08,3389,TCP,57.47,Malicious
199,32769.33,3389,TCP,164.67,Suspicious
2225,83971.5,3389,TCP,37.74,Malicious
224,12647.04,3389,TCP,56.46,Suspicious
209,29128.33,22,TCP,139.37,Suspicious
38,37517.4,8080,TCP,987.3,Normal
1,995.56,8080,TCP,995.56,Normal
307,8909.14,80,ICMP,29.02,Suspicious
1977,8441.79,22,TCP,4.27,Malicious
31,20247.65,8080,TCP,653.15,Normal
30,15957.0,80,TCP,531.9,Normal
2189,104283.96,3389,ICMP,47.64,Malicious
1896,24344.64,23,ICMP,12.84,Malicious
311,85845.33,443,ICMP,276.03,Suspicious
219,21910.95,3389,TCP,100.05,Suspicious
62,53549.4,8080,UDP,863.7,Normal
45,30342.15,53,TCP,674.27,Normal
325,49565.75,445,TCP,152.51,Suspicious
40,9564.8,80,TCP,239.12,Suspicious
23,11283.11,3306,UDP,490.57,Normal
112,12849.76,23,TCP,114.73,Suspicious
1532,112065.8,8080,UDP,73.15,Malicious
41,21761.57,443,TCP,530.77,Normal
1746,77801.76,8080,TCP,44.56,Malicious
38,8081.84,53,UDP,212.68,Normal
48,19891.2,8080,TCP,414.4,Normal
36,23538.96,8080,TCP,653.86,Normal
1685,69674.75,445,ICMP,41.35,Malicious
39,35270.04,443,UDP,904.36,Normal
54,31382.1,53,UDP,581.15,Normal
2299,81200.68,445,ICMP,35.32,Malicious
1646,83600.34,22,TCP,50.79,Malicious
6,2001.48,443,TCP,333.58,Normal
1821,73732.29,445,TCP,40.49,Malicious
23,24617.82,80,TCP,1070.34,Normal
5,3570.2,8080,TCP,714.04,Normal
37,39557.44,53,TCP,1069.12,Normal
2077,102063.78,445,ICMP,49.14,Malicious
23,18159.19,443,TCP,789.53,Normal
309,68940.99,3389,TCP,223.11,Suspicious
1643,102112.45,22,UDP,62.15,Malicious
1969,55250.14,22,TCP,28.06,Malicious
120,13575.6,445,TCP,113.13,Suspicious
2125,87677.5,445,ICMP,41.26,Malicious
3193,223669.65,23,ICMP,70.05,Malicious
2148,107013.36,23,UDP,49.82,Malicious
186,1860,443,ICMP,10,Suspicious
24,23610.0,80,TCP,983.75,Normal
1837,55183.48,3389,TCP,30.04,Malicious
168,11714.64,80,TCP,69.73,Suspicious
45,26538.3,443,TCP,589.74,Normal
41,25177.69,3306,UDP,614.09,Normal
2151,49193.37,3389,TCP,22.87,Malicious
2443,39210.15,22,TCP,16.05,Malicious
286,30945.2,23,ICMP,108.2,Suspicious
1475,45223.5,22,TCP,30.66,Malicious
158,29248.96,443,ICMP,185.12,Suspicious
333,3330,80,TCP,10,Suspicious
160,1600,22,TCP,10,Suspicious
68,33793.96,443,TCP,496.97,Normal
2709,196537.95,3389,TCP,72.55,Malicious
2353,59883.85,22,ICMP,25.45,Malicious
1809,96654.87,22,TCP,53.43,Malicious
232,2320,22,UDP,10,Suspicious
51,1140.87,443,UDP,22.37,Suspicious
1121,42250.49,8080,TCP,37.69,Malicious
432,60030.72,3389,TCP,138.96,Suspicious
86,4095.32,23,TCP,47.62,Suspicious
1337,3462.83,8080,TCP,2.59,Malicious
2758,72369.92,23,ICMP,26.24,Malicious
32,10224.96,53,TCP,319.53,Normal
22,21120.44,53,TCP,960.02,Normal
1983,1983,445,TCP,1,Malicious
114,22294.98,3389,TCP,195.57,Suspicious
199,47471.45,22,TCP,238.55,Suspicious
22,17409.7,3306,TCP,791.35,Normal
30,41976.9,3306,TCP,1399.23,Normal
295,23570.5,445,ICMP,79.9,Suspicious
2344,97299.44,23,ICMP,41.51,Malicious
15,14659.05,8080,TCP,977.27,Normal
2273,62143.82,23,TCP,27.34,Malicious
755,37289.45,3389,TCP,49.39,Malicious
39,35798.1,3306,TCP,917.9,Normal
285,31435.5,445,TCP,110.3,Suspicious
151,1510,23,ICMP,10,Suspicious
51,22981.11,8080,TCP,450.61,Normal
42,26704.86,8080,TCP,635.83,Normal
47,33298.09,80,TCP,708.47,Normal
54,22546.08,443,TCP,417.52,Normal
2144,103276.48,23,TCP,48.17,Malicious
70,55036.1,53,TCP,786.23,Normal
303,55724.73,80,ICMP,183.91,Suspicious
2880,112233.6,3389,ICMP,38.97,Malicious
1025,55626.75,8080,ICMP,54.27,Malicious
27,18599.49,443,TCP,688.87,Normal
21,20375.25,8080,TCP,970.25,Normal
38,22798.1,3306,TCP,599.95,Normal
2265,80067.75,3389,ICMP,35.35,Malicious
26,20330.44,8080,TCP,781.94,Normal
1196,34648.12,8080,TCP,28.97,Malicious
53,52574.41,8080,TCP,991.97,Normal
1868,1868,23,TCP,1,Malicious
224,42983.36,445,ICMP,191.89,Suspicious
175,6506.5,3389,TCP,37.18,Suspicious
2732,8059.4,8080,TCP,2.95,Malicious
58,26548.92,443,TCP,457.74,Normal
53,34669.42,3306,TCP,654.14,Normal
54,26535.6,53,TCP,491.4,Normal
45,37389.6,53,TCP,830.88,Normal
11,7416.31,80,TCP,674.21,Normal
254,44726.86,445,TCP,176.09,Suspicious
1032,5923.68,3389,ICMP,5.74,Malicious
353,20781.11,22,TCP,58.87,Suspicious
2500,49475.0,23,TCP,19.79,Malicious
1645,45122.35,23,TCP,27.43,Malicious
25,16464.0,3306,TCP,658.56,Normal
196,5170.48,23,TCP,26.38,Suspicious
46,43428.6,3306,TCP,944.1,Normal
637,27301.82,23,ICMP,42.86,Malicious
68,64681.6,3306,TCP,951.2,Normal
157,23667.75,23,UDP,150.75,Suspicious
53,46612.44,8080,TCP,879.48,Normal
162,22375.44,80,TCP,138.12,Suspicious
934,42160.76,22,UDP,45.14,Malicious
1292,12609.92,22,TCP,9.76,Malicious
2495,24875.15,8080,ICMP,9.97,Malicious
692,9210.52,8080,TCP,13.31,Malicious
23,17471.49,8080,TCP,759.63,Normal
96,6758.4,80,TCP,70.4,Suspicious
128,24384.0,22,TCP,190.5,Suspicious
474,10361.64,3389,ICMP,21.86,Malicious
207,2893.86,23,TCP,13.98,Suspicious
176,31782.08,3389,TCP,180.58,Suspicious
2164,2164,3389,TCP,1,Malicious
11,8166.84,3306,TCP,742.44,Normal
44,47320.24,443,UDP,1075.46,Normal
758,46942.94,22,ICMP,61.93,Malicious
52,41684.24,80,TCP,801.62,Normal
48,52284.0,3306,TCP,1089.25,Normal
434,24351.74,22,ICMP,56.11,Malicious
108,24278.4,80,TCP,224.8,Suspicious
64,54590.72,443,TCP,852.98,Normal
33,17944.74,443,UDP,543.78,Normal
65,53204.45,80,TCP,818.53,Normal
55,55063.8,53,TCP,1001.16,Normal
126,21339.36,23,UDP,169.36,Suspicious
798,13430.34,3389,TCP,16.83,Malicious
57,4560,443,UDP,80,Normal
50,14850.0,443,UDP,297.0,Normal
192,18044.16,23,ICMP,93.98,Suspicious
1735,25972.95,8080,TCP,14.97,Malicious
77,81184.18,80,TCP,1054.34,Normal
61,43624.15,80,TCP,715.15,Normal
37,31574.69,53,UDP,853.37,Normal
147,15332.1,23,UDP,104.3,Suspicious
92,7788.72,443,TCP,84.66,Suspicious
343,17938.9,3389,ICMP,52.3,Malicious
7,7119.21,53,TCP,1017.03,Normal
2417,175377.52,22,ICMP,72.56,Malicious
135,15803.1,443,TCP,117.06,Suspicious
189,5552.82,22,UDP,29.38,Suspicious
189,16514.82,443,TCP,87.38,Suspicious
30,16494.3,8080,TCP,549.81,Normal
43,19089.85,53,TCP,443.95,Normal
2012,104322.2,22,ICMP,51.85,Malicious
1279,46530.02,445,ICMP,36.38,Malicious
1777,90591.46,445,TCP,50.98,Malicious
216,36126.0,443,TCP,167.25,Suspicious
76,90506.12,3306,UDP,1190.87,Normal
1422,41621.94,8080,TCP,29.27,Malicious
7,5705.21,80,TCP,815.03,Normal
15,6468.9,8080,TCP,431.26,Normal
173,1730,80,TCP,10,Suspicious
44,39698.12,80,UDP,902.23,Normal
2149,2149,23,TCP,1,Malicious
361,46059.99,80,UDP,127.59,Suspicious
127,26835.1,445,TCP,211.3,Suspicious
312,53654.64,445,TCP,171.97,Suspicious
30,20626.2,443,TCP,687.54,Normal
164,1640,445,TCP,10,Suspicious
45,32029.2,53,TCP,711.76,Normal
147,15542.31,23,UDP,105.73,Suspicious
1108,5761.6,445,ICMP,5.2,Malicious
307,40883.19,80,ICMP,133.17,Suspicious
247,58104.28,443,UDP,235.24,Suspicious
1163,3965.83,8080,TCP,3.41,Malicious
35,22960.0,3306,TCP,656.0,Normal
238,17021.76,23,ICMP,71.52,Suspicious
271,18216.62,23,TCP,67.22,Suspicious
123,24286.35,80,TCP,197.45,Suspicious
245,10971.1,3389,TCP,44.78,Suspicious
69,53372.19,3306,TCP,773.51,Normal
1662,31710.96,22,ICMP,19.08,Malicious
243,22550.4,22,TCP,92.8,Suspicious
56,41048.0,3306,TCP,733.0,Normal
178,26093.02,443,UDP,146.59,Suspicious
2373,113595.51,8080,ICMP,47.87,Malicious
594,14606.46,23,TCP,24.59,Malicious
2011,67851.14,23,ICMP,33.74,Malicious
321,89356.77,445,UDP,278.37,Suspicious
45,41589.9,3306,TCP,924.22,Normal
19,15522.24,443,TCP,816.96,Normal
155,5854.35,22,TCP,37.77,Suspicious
36,35676.72,3306,UDP,991.02,Normal
204,34102.68,80,TCP,167.17,Suspicious
1519,41666.17,22,ICMP,27.43,Malicious
23,16240.07,3306,TCP,706.09,Normal
186,28080.42,3389,ICMP,150.97,Suspicious
1541,1541,8080,TCP,1,Malicious
46,35193.68,443,TCP,765.08,Normal
12,4909.92,8080,TCP,409.16,Normal
2447,109968.18,22,TCP,44.94,Malicious
52,45827.08,80,UDP,881.29,Normal
52,59742.8,80,TCP,1148.9,Normal
2501,142957.16,445,TCP,57.16,Malicious
1935,74071.8,445,ICMP,38.28,Malicious
78,8505.9,23,TCP,109.05,Suspicious
1322,51478.68,445,TCP,38.94,Malicious
36,14135.4,443,TCP,392.65,Normal
264,17843.76,443,TCP,67.59,Suspicious
9,6656.49,443,TCP,739.61,Normal
163,13087.27,80,UDP,80.29,Suspicious
2867,207284.1,23,TCP,72.3,Malicious
27,29735.37,443,TCP,1101.31,Normal
3218,183651.26,3389,ICMP,57.07,Malicious
1859,90254.45,3389,ICMP,48.55,Malicious
12,13934.04,443,TCP,1161.17,Normal
17,9960.81,80,TCP,585.93,Normal
1369,82975.09,23,TCP,60.61,Malicious
284,78551.56,445,TCP,276.59,Suspicious
2600,76076.0,22,ICMP,29.26,Malicious
282,34742.4,23,UDP,123.2,Suspicious
22,17867.74,8080,UDP,812.17,Normal
208,28329.6,80,UDP,136.2,Suspicious
30,20386.5,53,TCP,679.55,Normal
645,19201.65,3389,ICMP,29.77,Malicious
205,58722.25,80,ICMP,286.45,Suspicious
1687,59719.8,445,TCP,35.4,Malicious
2338,116712.96,23,ICMP,49.92,Malicious
165,29176.95,445,ICMP,176.83,Suspicious
38,34827.38,3306,TCP,916.51,Normal
198,61987.86,23,UDP,313.07,Suspicious
2119,121778.93,445,TCP,57.47,Malicious
1662,85892.16,445,TCP,51.68,Malicious
1219,43128.22,22,ICMP,35.38,Malicious
1,380.78,3306,UDP,380.78,Normal
20,20723.0,53,TCP,1036.15,Normal
231,60866.19,443,TCP,263.49,Suspicious
1029,44751.21,8080,ICMP,43.49,Malicious
62,32856.9,3306,TCP,529.95,Normal
765,9134.1,3389,ICMP,11.94,Malicious
55,35137.85,53,TCP,638.87,Normal
244,7534.72,443,UDP,30.88,Suspicious
259,28616.91,23,UDP,110.49,Suspicious
38,25420.48,8080,UDP,668.96,Normal
1109,10147.35,22,ICMP,9.15,Malicious
37,22534.48,3306,TCP,609.04,Normal
286,32849.96,80,ICMP,114.86,Suspicious
41,15912.51,3306,UDP,388.11,Normal
100,6682.0,22,UDP,66.82,Suspicious
24,13718.64,3306,TCP,571.61,Normal
2197,44445.31,8080,ICMP,20.23,Malicious
1901,84955.69,3389,ICMP,44.69,Malicious
24,10622.64,8080,TCP,442.61,Normal
2937,112722.06,3389,TCP,38.38,Malicious
129,12973.53,23,TCP,100.57,Suspicious
66,33911.46,3306,TCP,513.81,Normal
3085,183372.4,23,TCP,59.44,Malicious
22,10055.98,443,TCP,457.09,Normal
1350,14134.5,3389,ICMP,10.47,Malicious
37,29950.02,443,TCP,809.46,Normal
1482,22244.82,8080,ICMP,15.01,Malicious
112,13149.92,445,ICMP,117.41,Suspicious
1673,49821.94,445,ICMP,29.78,Malicious
276,46428.72,22,ICMP,168.22,Suspicious
7,5331.55,80,TCP,761.65,Normal
214,34661.58,443,TCP,161.97,Suspicious
2069,117270.92,23,ICMP,56.68,Malicious
50,31289.0,3306,UDP,625.78,Normal
42,10288.32,3306,TCP,244.96,Normal
1242,28292.76,445,ICMP,22.78,Malicious
41,26700.43,443,UDP,651.23,Normal
48,46760.16,53,TCP,974.17,Normal
2502,24344.46,445,TCP,9.73,Malicious
50,60134.5,3306,TCP,1202.69,Normal
266,59009.44,23,TCP,221.84,Suspicious
1184,50248.96,22,TCP,42.44,Malicious
333,50819.13,3389,ICMP,152.61,Suspicious
1603,52706.64,445,ICMP,32.88,Malicious
23,13267.32,3306,UDP,576.84,Normal
213,48821.73,22,TCP,229.21,Suspicious
10,5168.4,53,TCP,516.84,Normal
56,35467.04,53,UDP,633.34,Normal
147,10913.28,443,UDP,74.24,Suspicious
206,55278.04,445,UDP,268.34,Suspicious
145,43882.8,80,TCP,302.64,Suspicious
199,27336.63,3389,TCP,137.37,Suspicious
244,56837.36,23,TCP,232.94,Suspicious
314,54284.32,3389,ICMP,172.88,Suspicious
242,34189.76,445,ICMP,141.28,Suspicious
226,37217.68,3389,ICMP,164.68,Suspicious
20,9811.6,80,TCP,490.58,Normal
190,19096.9,445,TCP,100.51,Suspicious
16,18987.68,53,TCP,1186.73,Normal
32,19374.4,8080,TCP,605.45,Normal
2279,48679.44,445,UDP,21.36,Malicious
1161,34922.88,8080,ICMP,30.08,Malicious
167,21462.84,80,TCP,128.52,Suspicious
162,19388.16,445,TCP,119.68,Suspicious
109,9523.33,23,ICMP,87.37,Suspicious
160,23560.0,22,UDP,147.25,Suspicious
37,34139.53,80,UDP,922.69,Normal
24,20767.92,53,TCP,865.33,Normal
54,42070.86,80,TCP,779.09,Normal
161,1610,22,ICMP,10,Suspicious
20,8902.4,443,TCP,445.12,Normal
4,2208.48,53,TCP,552.12,Normal
2175,76407.75,8080,ICMP,35.13,Malicious
198,42799.68,3389,TCP,216.16,Suspicious
40,9044.8,22,ICMP,226.12,Suspicious
374,53238.9,445,ICMP,142.35,Suspicious
408,42366.72,445,TCP,103.84,Suspicious
47,57069.28,3306,TCP,1214.24,Normal
1,478.51,3306,TCP,478.51,Normal
22,14231.8,3306,TCP,646.9,Normal
1507,1507,445,ICMP,1,Malicious
72,8564.4,23,UDP,118.95,Suspicious
37,29672.89,3306,UDP,801.97,Normal
36,14922.72,8080,UDP,414.52,Normal
1896,50774.88,445,ICMP,26.78,Malicious
2392,110653.92,445,TCP,46.26,Malicious
139,34679.11,23,UDP,249.49,Suspicious
42,12226.62,80,TCP,291.11,Normal
1444,37818.36,23,ICMP,26.19,Malicious
44,38728.8,8080,TCP,880.2,Normal
1628,24940.96,23,TCP,15.32,Malicious
234,32256.9,3389,TCP,137.85,Suspicious
37,20432.14,443,UDP,552.22,Normal
18,8723.88,443,UDP,484.66,Normal
2814,108282.72,22,TCP,38.48,Malicious
16,12833.76,8080,TCP,802.11,Normal
33,17238.21,3306,TCP,522.37,Normal
272,15174.88,23,TCP,55.79,Suspicious
177,6586.17,445,UDP,37.21,Suspicious
299,18606.77,22,ICMP,62.23,Suspicious
181,12358.68,445,TCP,68.28,Suspicious
3038,102289.46,22,TCP,33.67,Malicious
142,11560.22,22,TCP,81.41,Suspicious
57,57142.5,3306,UDP,1002.5,Normal
2,999.74,443,TCP,499.87,Normal
14,12215.28,53,TCP,872.52,Normal
580,22840.4,23,TCP,39.38,Malicious
53,39641.88,8080,TCP,747.96,Normal
110,10534.7,443,TCP,95.77,Suspicious
1138,70237.36,23,ICMP,61.72,Malicious
2731,160855.9,8080,ICMP,58.9,Malicious
164,32029.2,23,UDP,195.3,Suspicious
302,3020,443,ICMP,10,Suspicious
2728,37237.2,23,UDP,13.65,Malicious
1485,110469.15,8080,ICMP,74.39,Malicious
242,2420,23,ICMP,10,Suspicious
112,10830.4,23,TCP,96.7,Suspicious
2390,44215.0,8080,ICMP,18.5,Malicious
260,8879.0,443,TCP,34.15,Suspicious
292,50203.56,23,TCP,171.93,Suspicious
1882,27571.3,8080,ICMP,14.65,Malicious
53,37056.01,80,TCP,699.17,Normal
184,20758.88,443,TCP,112.82,Suspicious
220,19899.0,22,TCP,90.45,Suspicious
105,5962.95,23,TCP,56.79,Suspicious
2516,50018.08,3389,ICMP,19.88,Malicious
331,35655.32,22,TCP,107.72,Suspicious
29,29484.01,8080,UDP,1016.69,Normal
224,27735.68,22,TCP,123.82,Suspicious
17,11251.79,3306,TCP,661.87,Normal
78,7872.54,3389,ICMP,100.93,Suspicious
36,15042.24,53,TCP,417.84,Normal
1738,74594.96,23,TCP,42.92,Malicious
52,56585.88,80,TCP,1088.19,Normal
27,28056.78,80,TCP,1039.14,Normal
22,14263.04,80,TCP,648.32,Normal
1937,64463.36,445,TCP,33.28,Malicious
3142,182770.14,8080,TCP,58.17,Malicious
47,31455.22,8080,UDP,669.26,Normal
65,62829.0,443,TCP,966.6,Normal
281,54443.75,80,ICMP,193.75,Suspicious
1825,73803.0,3389,ICMP,40.44,Malicious
20,14279.2,80,TCP,713.96,Normal
1591,61683.07,8080,TCP,38.77,Malicious
1348,6955.68,3389,UDP,5.16,Malicious
2123,126318.5,8080,TCP,59.5,Malicious
250,41152.5,23,TCP,164.61,Suspicious
110,19288.5,445,TCP,175.35,Suspicious
1138,49969.58,3389,ICMP,43.91,Malicious
1795,65822.65,445,TCP,36.67,Malicious
1687,1687,3389,ICMP,1,Malicious
381,24734.52,22,TCP,64.92,Suspicious
158,14216.84,22,ICMP,89.98,Suspicious
2334,59937.12,3389,ICMP,25.68,Malicious
49,34263.74,3306,TCP,699.26,Normal
182,52173.94,22,TCP,286.67,Suspicious
26,20545.98,3306,UDP,790.23,Normal
18,6951.96,443,TCP,386.22,Normal
43,28824.62,443,TCP,670.34,Normal
1766,65765.84,3389,ICMP,37.24,Malicious
271,2829.24,445,TCP,10.44,Suspicious
133,23739.17,3389,TCP,178.49,Suspicious
163,20006.62,3389,TCP,122.74,Suspicious
2699,23562.27,22,TCP,8.73,Malicious
173,16486.9,22,TCP,95.3,Suspicious
160,39100.8,80,TCP,244.38,Suspicious
47,41817.31,443,UDP,889.73,Normal
39,24637.47,3306,TCP,631.73,Normal
2242,138443.5,8080,TCP,61.75,Malicious
256,48650.24,23,TCP,190.04,Suspicious
43,49283.16,443,UDP,1146.12,Normal
5,2897.1,80,TCP,579.42,Normal
1854,90734.76,22,TCP,48.94,Malicious
1075,64371.0,3389,TCP,59.88,Malicious
2475,64523.25,445,TCP,26.07,Malicious
221,27936.61,445,TCP,126.41,Suspicious
177,19875.33,23,TCP,112.29,Suspicious
33,16753.11,80,UDP,507.67,Normal
2403,115151.76,3389,ICMP,47.92,Malicious
265,42357.6,445,ICMP,159.84,Suspicious
216,67973.04,445,ICMP,314.69,Suspicious
1261,50578.71,3389,TCP,40.11,Malicious
37,40681.13,443,TCP,1099.49,Normal
1,1363.08,80,TCP,1363.08,Normal
201,35916.69,22,TCP,178.69,Suspicious
2749,47365.27,445,TCP,17.23,Malicious
58,43404.3,8080,TCP,748.35,Normal
29,30357.49,3306,TCP,1046.81,Normal
3366,173820.24,23,TCP,51.64,Malicious
218,37234.4,445,ICMP,170.8,Suspicious
66,7323.36,443,ICMP,110.96,Suspicious
60,28756.2,53,TCP,479.27,Normal
1,863.08,3306,TCP,863.08,Normal
26,15115.62,3306,UDP,581.37,Normal
27,27028.89,443,TCP,1001.07,Normal
1853,60370.74,8080,TCP,32.58,Malicious
48,42288.96,3306,TCP,881.02,Normal
2380,90630.4,445,TCP,38.08,Malicious
257,20583.13,443,UDP,80.09,Suspicious
2387,156921.38,3389,ICMP,65.74,Malicious
2223,51706.98,445,ICMP,23.26,Malicious
3733,138083.67,23,ICMP,36.99,Malicious
17,5125.33,80,TCP,301.49,Normal
185,1850,443,TCP,10,Suspicious
32,32141.12,53,TCP,1004.41,Normal
20,21723.0,443,TCP,1086.15,Normal
1748,81596.64,8080,UDP,46.68,Malicious
387,4075.11,3389,ICMP,10.53,Malicious
1698,11801.1,445,UDP,6.95,Malicious
2437,93507.69,22,TCP,38.37,Malicious
52,18066.88,53,TCP,347.44,Normal
132,19781.52,3389,UDP,149.86,Suspicious
304,51898.88,3389,TCP,170.72,Suspicious
2057,102418.03,22,ICMP,49.79,Malicious
107,7039.53,80,TCP,65.79,Suspicious
113,14002.96,445,UDP,123.92,Suspicious
483,4540.2,445,TCP,9.4,Malicious
332,62960.48,445,TCP,189.64,Suspicious
36,8280.72,53,UDP,230.02,Normal
33,18143.07,53,TCP,549.79,Normal
318,56747.1,22,TCP,178.45,Suspicious
2337,101355.69,445,TCP,43.37,Malicious
70,80446.1,443,TCP,1149.23,Normal
38,35680.48,443,UDP,938.96,Normal
35,7910.7,443,TCP,226.02,Normal
307,49006.41,443,TCP,159.63,Suspicious
275,2750,3389,ICMP,10,Suspicious
1660,99085.4,3389,ICMP,59.69,Malicious
26,19943.04,53,TCP,767.04,Normal
226,16690.1,80,TCP,73.85,Suspicious
153,28913.94,22,TCP,188.98,Suspicious
134,9977.64,23,TCP,74.46,Suspicious
2225,146894.5,3389,ICMP,66.02,Malicious
46,8464.46,443,TCP,184.01,Normal
216,39931.92,3389,TCP,184.87,Suspicious
1546,64282.68,23,TCP,41.58,Malicious
45,16129.8,443,TCP,358.44,Normal
47,25978.31,80,TCP,552.73,Normal
2053,139994.07,22,UDP,68.19,Malicious
181,10516.1,23,TCP,58.1,Suspicious
226,36865.12,443,TCP,163.12,Suspicious
1849,7026.2,22,TCP,3.8,Malicious
47,30599.35,80,TCP,651.05,Normal
47,45240.79,443,TCP,962.57,Normal
124,13948.76,80,TCP,112.49,Suspicious
1090,30247.5,445,TCP,27.75,Malicious
37,27101.76,8080,UDP,732.48,Normal
1459,46410.79,23,TCP,31.81,Malicious
290,65708.2,23,TCP,226.58,Suspicious
294,59976.0,80,TCP,204.0,Suspicious
1007,45617.1,445,ICMP,45.3,Malicious
60,61701.6,53,TCP,1028.36,Normal
179,5099.71,22,ICMP,28.49,Suspicious
30,34591.2,80,UDP,1153.04,Normal
2464,47875.52,22,ICMP,19.43,Malicious
337,30127.8,3389,TCP,89.4,Suspicious
234,51035.4,80,UDP,218.1,Suspicious
258,48723.3,80,TCP,188.85,Suspicious
42,30670.92,53,TCP,730.26,Normal
35,17385.55,8080,TCP,496.73,Normal
217,32113.83,3389,ICMP,147.99,Suspicious
166,1660,80,TCP,10,Suspicious
217,47555.55,22,UDP,219.15,Suspicious
170,24517.4,443,TCP,144.22,Suspicious
38,27236.12,443,TCP,716.74,Normal
3324,137414.16,22,UDP,41.34,Malicious
1503,74774.25,22,TCP,49.75,Malicious
709,8805.78,3389,ICMP,12.42,Malicious
19,15810.85,53,TCP,832.15,Normal
1494,120386.52,3389,ICMP,80.58,Malicious
3065,183164.4,3389,TCP,59.76,Malicious
16,15598.24,3306,TCP,974.89,Normal
2095,17535.15,3389,UDP,8.37,Malicious
26,32011.72,3306,TCP,1231.22,Normal
1412,29920.28,8080,TCP,21.19,Malicious
2344,47512.88,3389,ICMP,20.27,Malicious
58,61482.32,53,UDP,1060.04,Normal
1578,41927.46,445,ICMP,26.57,Malicious
40,29393.2,80,TCP,734.83,Normal
76,12092.36,80,UDP,159.11,Suspicious
41,21370.43,53,TCP,521.23,Normal
334,3340,3389,TCP,10,Suspicious
2763,145002.24,445,ICMP,52.48,Malicious
1493,14661.26,23,TCP,9.82,Malicious
58,35254.14,80,TCP,607.83,Normal
3140,62234.8,445,ICMP,19.82,Malicious
55,51470.1,8080,TCP,935.82,Normal
300,15918.0,22,TCP,53.06,Malicious
196,29972.32,22,UDP,152.92,Suspicious
174,22800.96,445,UDP,131.04,Suspicious
2098,2098,22,ICMP,1,Malicious
45,11832.3,8080,UDP,262.94,Normal
2624,200762.24,3389,TCP,76.51,Malicious
142,1420,445,TCP,10,Suspicious
24,32543.28,8080,TCP,1355.97,Normal
136,20040.96,3389,TCP,147.36,Suspicious
61,42754.9,3306,TCP,700.9,Normal
48,17697.12,8080,TCP,368.69,Normal
263,70010.6,443,TCP,266.2,Suspicious
2097,9981.72,445,TCP,4.76,Malicious
2284,99376.84,3389,ICMP,43.51,Malicious
4006,168091.76,8080,TCP,41.96,Malicious
248,6018.96,3389,TCP,24.27,Suspicious
1250,54912.5,22,TCP,43.93,Malicious
180,25902.0,23,TCP,143.9,Suspicious
47,28942.13,443,UDP,615.79,Normal
120,21903.6,80,UDP,182.53,Suspicious
2937,78153.57,8080,TCP,26.61,Malicious
202,34402.62,443,TCP,170.31,Suspicious
12,9819.0,8080,UDP,818.25,Normal
262,9707.1,443,ICMP,37.05,Suspicious
43,27430.99,80,TCP,637.93,Normal
167,29859.6,445,TCP,178.8,Suspicious
50,39542.5,53,TCP,790.85,Normal
777,56464.59,445,ICMP,72.67,Malicious
3189,119778.84,23,TCP,37.56,Malicious
1337,72024.19,23,TCP,53.87,Malicious
2094,40833.0,8080,ICMP,19.5,Malicious
1772,36751.28,3389,ICMP,20.74,Malicious
215,4050.6,80,TCP,18.84,Suspicious
103,14817.58,23,ICMP,143.86,Suspicious
49,7005.04,53,TCP,142.96,Normal
2479,53001.02,22,ICMP,21.38,Malicious
2637,77765.13,8080,ICMP,29.49,Malicious
289,42107.3,22,ICMP,145.7,Suspicious
2346,90837.12,22,TCP,38.72,Malicious
248,82092.96,23,TCP,331.02,Suspicious
168,7612.08,443,UDP,45.31,Suspicious
109,29717.76,80,TCP,272.64,Suspicious
154,29255.38,443,TCP,189.97,Suspicious
124,5545.28,80,TCP,44.72,Suspicious
218,24686.32,80,TCP,113.24,Suspicious
1275,34399.5,445,ICMP,26.98,Malicious
1840,78144.8,22,ICMP,42.47,Malicious
1558,114590.9,3389,TCP,73.55,Malicious
58,57207.72,80,TCP,986.34,Normal
1898,29115.32,23,ICMP,15.34,Malicious
7,6110.16,80,UDP,872.88,Normal
234,2340,80,UDP,10,Suspicious
24,12823.44,3306,TCP,534.31,Normal
6,2788.98,53,UDP,464.83,Normal
33,6360.09,3306,UDP,192.73,Normal
215,31022.35,445,ICMP,144.29,Suspicious
1266,21066.24,8080,TCP,16.64,Malicious
11,5510.34,3306,TCP,500.94,Normal
31,18181.5,8080,TCP,586.5,Normal
1665,4229.1,22,TCP,2.54,Malicious
263,15338.16,445,UDP,58.32,Suspicious
42,16694.58,80,TCP,397.49,Normal
297,31422.6,23,TCP,105.8,Suspicious
8,5253.52,80,TCP,656.69,Normal
374,41405.54,443,TCP,110.71,Suspicious
1713,1713,445,TCP,1,Malicious
46,30834.26,80,UDP,670.31,Normal
2390,19837.0,3389,TCP,8.3,Malicious
2004,102644.88,8080,UDP,51.22,Malicious
52,58555.12,3306,TCP,1126.06,Normal
29,10845.42,8080,UDP,373.98,Normal
59,60421.9,8080,TCP,1024.1,Normal
271,8772.27,22,ICMP,32.37,Suspicious
185,31344.55,22,TCP,169.43,Suspicious
1350,83754.0,23,ICMP,62.04,Malicious
2088,33804.72,22,ICMP,16.19,Malicious
237,16632.66,445,UDP,70.18,Suspicious
177,22084.29,3389,UDP,124.77,Suspicious
3021,152349.03,3389,ICMP,50.43,Malicious
1622,87409.58,23,UDP,53.89,Malicious
2216,58591.04,445,TCP,26.44,Malicious
1641,58961.13,23,UDP,35.93,Malicious
14,1851.5,443,TCP,132.25,Normal
1,530.81,443,TCP,530.81,Normal
92,1013.84,80,UDP,11.02,Suspicious
1474,43586.18,8080,ICMP,29.57,Malicious
245,43651.65,445,UDP,178.17,Suspicious
200,21860.0,23,ICMP,109.3,Suspicious
2386,83772.46,23,ICMP,35.11,Malicious
2065,134576.05,22,ICMP,65.17,Malicious
132,20496.96,23,TCP,155.28,Suspicious
170,33682.1,22,ICMP,198.13,Suspicious
147,2096.22,445,TCP,14.26,Suspicious
251,15865.71,22,TCP,63.21,Suspicious
38,51086.06,8080,TCP,1344.37,Normal
1236,41232.96,3389,ICMP,33.36,Malicious
35,13352.85,53,UDP,381.51,Normal
3588,160240.08,3389,TCP,44.66,Malicious
256,2560,3389,TCP,10,Suspicious
179,1790,22,TCP,10,Suspicious
1536,75264.0,445,TCP,49.0,Malicious
162,14200.92,23,UDP,87.66,Suspicious
785,785,23,TCP,1,Malicious
1,500.26,443,UDP,500.26,Normal
37,14619.07,80,TCP,395.11,Normal
143,28145.26,445,TCP,196.82,Suspicious
191,24488.11,22,UDP,128.21,Suspicious
263,8558.02,3389,UDP,32.54,Suspicious
182,30534.14,23,TCP,167.77,Suspicious
2241,65549.25,22,TCP,29.25,Malicious
3041,31200.66,8080,TCP,10.26,Malicious
229,20429.09,80,TCP,89.21,Suspicious
204,2040,23,TCP,10,Suspicious
1362,55937.34,8080,TCP,41.07,Malicious
39,37366.29,3306,TCP,958.11,Normal
1471,88760.14,23,TCP,60.34,Malicious
1620,29646.0,23,ICMP,18.3,Malicious
14,7909.86,8080,TCP,564.99,Normal
1224,1224,445,TCP,1,Malicious
1976,8793.2,8080,ICMP,4.45,Malicious
1975,97762.5,22,TCP,49.5,Malicious
1544,33952.56,445,TCP,21.99,Malicious
39,35317.23,80,TCP,905.57,Normal
84,9082.92,22,ICMP,108.13,Suspicious
68,53475.2,443,TCP,786.4,Normal
807,38744.07,23,TCP,48.01,Malicious
3,1984.17,80,TCP,661.39,Normal
1367,44550.53,23,TCP,32.59,Malicious
2218,42740.86,8080,TCP,19.27,Malicious
1879,81661.34,445,ICMP,43.46,Malicious
2253,5745.15,445,ICMP,2.55,Malicious
1754,108818.16,23,TCP,62.04,Malicious
27,19674.36,80,TCP,728.68,Normal
48,33246.72,8080,UDP,692.64,Normal
300,7911.0,8080,ICMP,26.37,Malicious
75,37377.75,53,TCP,498.37,Normal
373,68661.84,22,TCP,184.08,Suspicious
1720,41555.2,445,TCP,24.16,Malicious
2048,92241.92,23,ICMP,45.04,Malicious
26,17786.08,8080,TCP,684.08,Normal
24,6032.88,80,TCP,251.37,Normal
245,26418.35,80,TCP,107.83,Suspicious
1927,70952.14,3389,ICMP,36.82,Malicious
300,2286.0,22,UDP,7.62,Malicious
1365,71607.9,22,TCP,52.46,Malicious
47,25690.67,3306,UDP,546.61,Normal
246,9431.64,22,UDP,38.34,Suspicious
1353,12082.29,8080,TCP,8.93,Malicious
145,21654.3,23,TCP,149.34,Suspicious
19,18915.64,8080,TCP,995.56,Normal
18,16046.64,443,UDP,891.48,Normal
396,12909.6,445,TCP,32.6,Malicious
3389,195613.08,8080,TCP,57.72,Malicious
325,3991.0,443,ICMP,12.28,Suspicious
